PARMID,OPNTYPE,TABLE,ParameterName,ACTIVITYFLAG,ConstituentName,IsMonthlyPossible,Min,Max,Typical,FlagTable,FlagParm,MonthlyParmTable,Notes
1,PERLND,ACTIVITY,AIRTFG,,,,0,1,1,,,,
2,PERLND,ACTIVITY,SNOWFG,,,,0,1,1,,,,
3,PERLND,ACTIVITY,PWATFG,,,,1,1,1,,,,
4,PERLND,ACTIVITY,SEDFG,,,,0,1,1,,,,
5,PERLND,ACTIVITY,PSTFG,,,,0,1,1,,,,
6,PERLND,ACTIVITY,PWGFG,,,,1,1,1,,,,
7,PERLND,ACTIVITY,PQALFG,,,,0,1,1,,,,
8,PERLND,ACTIVITY,MSTLFG,,,,0,1,0,,,,
9,PERLND,ACTIVITY,PESTFG,,,,0,1,0,,,,
10,PERLND,ACTIVITY,NITRFG,,,,0,1,0,,,,
11,PERLND,ACTIVITY,PHOSFG,,,,0,1,0,,,,
12,PERLND,ACTIVITY,TRACFG,,,,0,1,0,,,,
13,PERLND,ATEMP-DAT,ELDAT,AIRTFG,,,-1000,1000,0,,,,
14,PERLND,ATEMP-DAT,AIRTMP,AIRTFG,,,10,70,30,,,,
15,PERLND,ICE-FLAG,ICEFG,SNOWFG,,,0,1,1,,,,
16,PERLND,SNOW-FLAGS,SNOPFG,SNOWFG,,,0,1,0,,,,
17,PERLND,SNOW-FLAGS,VKMFG,SNOWFG,,,0,1,0,,,,
18,PERLND,SNOW-PARM1,LAT,SNOWFG,,,30,50,45,,,,
19,PERLND,SNOW-PARM1,MELEV,SNOWFG,,,50,3000,1500,,,,
20,PERLND,SNOW-PARM1,SHADE,SNOWFG,,,0.1,0.5,0.15,,,,
21,PERLND,SNOW-PARM1,SNOWCF,SNOWFG,,,1.1,1.5,1.2,,,,
22,PERLND,SNOW-PARM1,COVIND,SNOWFG,,,0.1,5,1.5,,,,
23,PERLND,SNOW-PARM1,KMELT,SNOWFG,,1,0.01,0.5,0.1,SNOW-FLAGS,VKMFG,MON-MELT-FAC,
24,PERLND,SNOW-PARM1,TBASE,SNOWFG,,,30,36,32,,,,
25,PERLND,SNOW-PARM2,RDCSN,SNOWFG,,,0.05,0.3,0.15,,,,
26,PERLND,SNOW-PARM2,TSNOW,SNOWFG,,,30,40,32,,,,
27,PERLND,SNOW-PARM2,SNOEVP,SNOWFG,,,0,0.5,0.15,,,,
28,PERLND,SNOW-PARM2,CCFACT,SNOWFG,,,0.05,2,0.15,,,,
29,PERLND,SNOW-PARM2,MWATER,SNOWFG,,,0.005,0.5,0.03,,,,
30,PERLND,SNOW-PARM2,MGMELT,SNOWFG,,,0,0.03,0.01,,,,
31,PERLND,SNOW-INIT1,Pack-snow,SNOWFG,,,0,5,0.5,,,,
32,PERLND,SNOW-INIT1,Pack-ice,SNOWFG,,,0,2,0,,,,
33,PERLND,SNOW-INIT1,Pack-watr,SNOWFG,,,0,2,0,,,,
34,PERLND,SNOW-INIT1,RDENPF,SNOWFG,,,0.1,0.6,0.2,,,,
35,PERLND,SNOW-INIT1,DULL,SNOWFG,,,100,600,375,,,,
36,PERLND,SNOW-INIT1,PAKTMP,SNOWFG,,,0,30,10,,,,
37,PERLND,SNOW-INIT2,COVINX,SNOWFG,,,0.01,8,0.01,,,,
38,PERLND,SNOW-INIT2,XLNMLT,SNOWFG,,,0,2,0,,,,
39,PERLND,SNOW-INIT2,SKYCLR,SNOWFG,,,0.15,1,1,,,,
40,PERLND,PWAT-PARM1,CSNOFG,PWATFG,,,0,1,1,,,,
41,PERLND,PWAT-PARM1,RTOPFG,PWATFG,,,0,3,1,,,,
42,PERLND,PWAT-PARM1,UZFG,PWATFG,,,0,1,1,,,,
43,PERLND,PWAT-PARM1,VCSFG,PWATFG,,,0,1,1,,,,
44,PERLND,PWAT-PARM1,VUZFG,PWATFG,,,0,1,0,,,,
45,PERLND,PWAT-PARM1,VNNFG,PWATFG,,,0,1,0,,,,
46,PERLND,PWAT-PARM1,VIFWFG,PWATFG,,,0,1,0,,,,
47,PERLND,PWAT-PARM1,VIRCFG,PWATFG,,,0,1,0,,,,
48,PERLND,PWAT-PARM1,VLEFG,PWATFG,,,0,1,0,,,,
49,PERLND,PWAT-PARM1,IFFCFG,PWATFG,,,0,2,1,,,,
50,PERLND,PWAT-PARM1,HWTFG,PWATFG,,,0,1,0,,,,
51,PERLND,PWAT-PARM1,IRRGFG,PWATFG,,,0,3,0,,,,
52,PERLND,PWAT-PARM1,IFRDFG,PWATFG,,,0,7,0,,,,
53,PERLND,PWAT-PARM1,NCANPY,PWATFG,,,0,0,0,,,,
54,PERLND,PWAT-PARM2,FOREST,PWATFG,,,0,0.5,0.1,,,,
55,PERLND,PWAT-PARM2,LZSN,PWATFG,,,2.5,10,3,,,,
56,PERLND,PWAT-PARM2,INFILT,PWATFG,,,0.01,0.5,0.1,,,,
57,PERLND,PWAT-PARM2,LSUR,PWATFG,,,100,700,400,,,,
58,PERLND,PWAT-PARM2,SLSUR,PWATFG,,,1.00E-04,0.3,0.01,,,,
59,PERLND,PWAT-PARM2,KVARY,PWATFG,,,0,5,0.5,,,,
60,PERLND,PWAT-PARM2,AGWRC,PWATFG,,,0.92,0.999,0.98,,,,
61,PERLND,PWAT-PARM3,PETMAX,PWATFG,,,32,45,40,,,,
62,PERLND,PWAT-PARM3,PETMIN,PWATFG,,,30,40,35,,,,
63,PERLND,PWAT-PARM3,INFEXP,PWATFG,,,2,2,2,,,,
64,PERLND,PWAT-PARM3,INFILD,PWATFG,,,2,2,2,,,,
65,PERLND,PWAT-PARM3,DEEPFR,PWATFG,,,0,0.2,0,,,,
66,PERLND,PWAT-PARM3,BASETP,PWATFG,,,0,0.2,0.05,,,,
67,PERLND,PWAT-PARM3,AGWETP,PWATFG,,,0,0.5,0.1,,,,
68,PERLND,PWAT-PARM4,CEPSC,PWATFG,,1,0.03,0.4,0.1,PWAT-PARM1,VCSFG,MON-INTERCEP,
69,PERLND,PWAT-PARM4,UZSN,PWATFG,,1,0.05,2,0.2,PWAT-PARM1,VUZFG,MON-UZSN,
70,PERLND,PWAT-PARM4,NSUR,PWATFG,,1,0.15,0.5,0.2,PWAT-PARM1,VNNFG,MON-MANNING,
71,PERLND,PWAT-PARM4,INTFW,PWATFG,,1,1,10,3,PWAT-PARM1,VIFWFG,MON-INTERFLW,
72,PERLND,PWAT-PARM4,IRC,PWATFG,,1,0.5,0.85,0.75,PWAT-PARM1,VIRCFG,MON-IRC,
73,PERLND,PWAT-PARM4,LZETP,PWATFG,,1,0.2,0.9,0.3,PWAT-PARM1,VLEFG,MON-LZETPARM,
74,PERLND,PWAT-PARM5,FZG,PWATFG,,,0.8,1.5,1,,,,
75,PERLND,PWAT-PARM5,FZGL,PWATFG,,,0.01,0.3,0.1,,,,
76,PERLND,PWAT-STATE1,CEPS,PWATFG,,,0,0.1,0,,,,
77,PERLND,PWAT-STATE1,SURS,PWATFG,,,0,0.05,0,,,,
78,PERLND,PWAT-STATE1,UZS,PWATFG,,,0.001,3,0.1,,,,
79,PERLND,PWAT-STATE1,IFWS,PWATFG,,,0,0.2,0,,,,
80,PERLND,PWAT-STATE1,LZS,PWATFG,,,0.001,10,3,,,,
81,PERLND,PWAT-STATE1,AGWS,PWATFG,,,0,6,0.1,,,,
82,PERLND,PWAT-STATE1,GWVS,PWATFG,,,0,0.5,0,,,,
83,PERLND,SED-PARM1,CRVFG,SEDFG,,,0,1,1,,,,
84,PERLND,SED-PARM1,VSIVFG,SEDFG,,,0,2,0,,,,
85,PERLND,SED-PARM1,SDOPFG,SEDFG,,,0,1,1,,,,
86,PERLND,SED-PARM2,SMPF,SEDFG,,,0.5,1,1,,,,
87,PERLND,SED-PARM2,KRER,SEDFG,,,0.05,0.75,0.2,,,,
88,PERLND,SED-PARM2,JRER,SEDFG,,,1,3,2,,,,
89,PERLND,SED-PARM2,AFFIX,SEDFG,,,0.01,0.15,0.05,,,,
90,PERLND,SED-PARM2,COVER,SEDFG,,1,0,0.9,0.5,SED-PARM1,CRVFG,MON-COVER,
91,PERLND,SED-PARM2,NVSI,SEDFG,,1,0,10,0,SED-PARM1,VSIVFG,MON-NVSI,
92,PERLND,SED-PARM3,KSER,SEDFG,,,0.1,10,1,,,,
93,PERLND,SED-PARM3,JSER,SEDFG,,,1,3,2,,,,
94,PERLND,SED-PARM3,KGER,SEDFG,,,0,10,0,,,,
95,PERLND,SED-PARM3,JGER,SEDFG,,,1,3,2,,,,
96,PERLND,SED-STOR,DETS,SEDFG,,,0.01,2.5,0.1,,,,
97,PERLND,PSTEMP-PARM1,SLTVFG,PSTFG,,,0,1,1,,,,
98,PERLND,PSTEMP-PARM1,ULTVFG,PSTFG,,,0,1,1,,,,
99,PERLND,PSTEMP-PARM1,LGTVFG,PSTFG,,,0,1,1,,,,
100,PERLND,PSTEMP-PARM1,TSOPFG,PSTFG,,,0,2,1,,,,
101,PERLND,PSTEMP-PARM2,ASLT,PSTFG,,1,22,70,42,PSTEMP-PARM1,SLTVFG,MON-ASLT,
102,PERLND,PSTEMP-PARM2,BSLT,PSTFG,,1,0.3,0.8,0.5,PSTEMP-PARM1,SLTVFG,MON-BSLT,
103,PERLND,PSTEMP-PARM2,ULTP1,PSTFG,,1,34,54,45,PSTEMP-PARM1,ULTVFG,MON-ULTP1,
104,PERLND,PSTEMP-PARM2,ULTP2,PSTFG,,1,0.2,0.7,0.4,PSTEMP-PARM1,ULTVFG,MON-ULTP2,
105,PERLND,PSTEMP-PARM2,LGTP1,PSTFG,,1,34,68,50,PSTEMP-PARM1,LGTVFG,MON-LGTP1,
106,PERLND,PSTEMP-PARM2,LGTP2,PSTFG,,1,0,0.3,0.1,PSTEMP-PARM1,LGTVFG,MON-LGTP2,
107,PERLND,PSTEMP-TEMPS,AIRTC,PSTFG,,,30,72,50,,,,
108,PERLND,PSTEMP-TEMPS,SLTMP,PSTFG,,,30,70,40,,,,
109,PERLND,PSTEMP-TEMPS,ULTMP,PSTFG,,,32,60,40,,,,
110,PERLND,PSTEMP-TEMPS,LGTMP,PSTFG,,,40,60,45,,,,
111,PERLND,PWT-PARM1,IDVFG,PWGFG,,,0,1,0,,,,
112,PERLND,PWT-PARM1,ICVFG,PWGFG,,,0,1,1,,,,
113,PERLND,PWT-PARM1,GDVFG,PWGFG,,,0,1,0,,,,
114,PERLND,PWT-PARM1,GCVFG,PWGFG,,,0,1,1,,,,
115,PERLND,PWT-PARM2,ELEV,PWGFG,,,100,7000,2000,,,,
116,PERLND,PWT-PARM2,IDOXP,PWGFG,,1,5,16,8,PWT-PARM1,IDVFG,MON-IFWDOX,
117,PERLND,PWT-PARM2,ICO2P,PWGFG,,1,0,0.7,0,PWT-PARM1,ICVFG,MON-IFWCO2,
118,PERLND,PWT-PARM2,ADOXP,PWGFG,,1,0.01,14,6,PWT-PARM1,GDVFG,MON-GRNDDOX,
119,PERLND,PWT-PARM2,ACO2P,PWGFG,,1,0,0.75,0,PWT-PARM1,GCVFG,MON-GRNDCO2,
120,PERLND,PWT-TEMPS,SOTMP,PWGFG,,,40,70,60,,,,
121,PERLND,PWT-TEMPS,IOTMP,PWGFG,,,40,65,55,,,,
122,PERLND,PWT-TEMPS,AOTMP,PWGFG,,,40,60,50,,,,
123,PERLND,PWT-GASES,SODOX,PWGFG,,,6,14.5,12,,,,
124,PERLND,PWT-GASES,SOCO2,PWGFG,,,0,0.5,0,,,,
125,PERLND,PWT-GASES,IODOX,PWGFG,,,5,12.7,10,,,,
126,PERLND,PWT-GASES,IOCO2,PWGFG,,,0,0.6,0,,,,
127,PERLND,PWT-GASES,AODOX,PWGFG,,,4.5,10,8,,,,
128,PERLND,PWT-GASES,AOCO2,PWGFG,,,0,0.6,0,,,,
129,PERLND,NQUALS,NQUAL,PWGFG,,,2,9,4,,,,
130,PERLND,PQL-AD-FLAGS,F,PQALFG,,,-1,10,-1,,,,Not sure if this is the best way to handle this table - PQADFG(1)�.
131,PERLND,PQL-AD-FLAGS,C,PQALFG,,,-1,10,-1,,,,Not sure if this is the best way to handle this table - PQADFG(1)�.
132,PERLND,QUAL-PROPS,QSDFG,PQALFG,,,0,1,0,,,,
133,PERLND,QUAL-PROPS,VPFWFG,PQALFG,,,0,2,0,,,,
134,PERLND,QUAL-PROPS,VPFSFG,PQALFG,,,0,1,0,,,,
135,PERLND,QUAL-PROPS,QSOFG,PQALFG,,,0,2,2,,,,
136,PERLND,QUAL-PROPS,VQOFG,PQALFG,,,0,1,1,,,,
137,PERLND,QUAL-PROPS,QIFWFG,PQALFG,,,0,1,1,,,,
138,PERLND,QUAL-PROPS,VIQCFG,PQALFG,,,0,4,3,,,,
139,PERLND,QUAL-PROPS,QAGWFG,PQALFG,,,0,1,1,,,,
140,PERLND,QUAL-PROPS,VAQCFG,PQALFG,,,0,4,3,,,,
141,PERLND,QUAL-INPUT,SQO,PQALFG,NH3+NH4,,0,0.4,0.1,,,,
142,PERLND,QUAL-INPUT,POTFW,PQALFG,NH3+NH4,1,,,,QUAL-PROPS,VPFWFG,MON-POTFW,
143,PERLND,QUAL-INPUT,POTFS,PQALFG,NH3+NH4,1,,,,QUAL-PROPS,VPFSFG,MON-POTFS,
144,PERLND,QUAL-INPUT,ACQOP,PQALFG,NH3+NH4,1,0.0002,0.2,0.001,QUAL-PROPS,VQOFG,MON-ACCUM,
145,PERLND,QUAL-INPUT,SQOLIM,PQALFG,NH3+NH4,1,0.001,0.75,0.01,QUAL-PROPS,VQOFG,MON-SQOLIM,
146,PERLND,QUAL-INPUT,WSQOP,PQALFG,NH3+NH4,,0.2,3.4,0.75,,,,
147,PERLND,QUAL-INPUT,IOQC,PQALFG,NH3+NH4,1,0.0005,3.5,0.1,QUAL-PROPS,VIQCFG,MON-IFLW-CONC,
148,PERLND,QUAL-INPUT,AOQC,PQALFG,NH3+NH4,1,0.0005,2,0.1,QUAL-PROPS,VAQCFG,MON-GRND-CONC,
149,PERLND,QUAL-INPUT,SQO,PQALFG,NO3,,0,5,0.5,,,,
150,PERLND,QUAL-INPUT,POTFW,PQALFG,NO3,1,,,,QUAL-PROPS,VPFWFG,MON-POTFW,
151,PERLND,QUAL-INPUT,POTFS,PQALFG,NO3,1,,,,QUAL-PROPS,VPFSFG,MON-POTFS,
152,PERLND,QUAL-INPUT,ACQOP,PQALFG,NO3,1,0.0002,1.5,0.01,QUAL-PROPS,VQOFG,MON-ACCUM,
153,PERLND,QUAL-INPUT,SQOLIM,PQALFG,NO3,1,0.0002,6,0.1,QUAL-PROPS,VQOFG,MON-SQOLIM,
154,PERLND,QUAL-INPUT,WSQOP,PQALFG,NO3,,0.2,3.4,0.75,,,,
155,PERLND,QUAL-INPUT,IOQC,PQALFG,NO3,1,0.003,30,0.5,QUAL-PROPS,VIQCFG,MON-IFLW-CONC,
156,PERLND,QUAL-INPUT,AOQC,PQALFG,NO3,1,0.003,9.5,0.5,QUAL-PROPS,VAQCFG,MON-GRND-CONC,
157,PERLND,QUAL-INPUT,SQO,PQALFG,ORTHO P,,0,0.38,0,,,,
158,PERLND,QUAL-INPUT,POTFW,PQALFG,ORTHO P,1,0,5,0.5,QUAL-PROPS,VPFWFG,MON-POTFW,
159,PERLND,QUAL-INPUT,POTFS,PQALFG,ORTHO P,1,0,2,0.1,QUAL-PROPS,VPFSFG,MON-POTFS,
160,PERLND,QUAL-INPUT,ACQOP,PQALFG,ORTHO P,1,0.00005,0.01,0,QUAL-PROPS,VQOFG,MON-ACCUM,
161,PERLND,QUAL-INPUT,SQOLIM,PQALFG,ORTHO P,1,0.001,0.02,0,QUAL-PROPS,VQOFG,MON-SQOLIM,
162,PERLND,QUAL-INPUT,WSQOP,PQALFG,ORTHO P,,0,2,0.5,,,,
163,PERLND,QUAL-INPUT,IOQC,PQALFG,ORTHO P,1,0.001,1.5,0.1,QUAL-PROPS,VIQCFG,MON-IFLW-CONC,
164,PERLND,QUAL-INPUT,AOQC,PQALFG,ORTHO P,1,0.0001,1.5,0.01,QUAL-PROPS,VAQCFG,MON-GRND-CONC,
165,PERLND,QUAL-INPUT,SQO,PQALFG,BOD,,0,14,2,,,,
166,PERLND,QUAL-INPUT,POTFW,PQALFG,BOD,1,1,150,3,QUAL-PROPS,VPFWFG,MON-POTFW,
167,PERLND,QUAL-INPUT,POTFS,PQALFG,BOD,1,1,150,3,QUAL-PROPS,VPFSFG,MON-POTFS,
168,PERLND,QUAL-INPUT,ACQOP,PQALFG,BOD,1,0.2,4,0,QUAL-PROPS,VQOFG,MON-ACCUM,
169,PERLND,QUAL-INPUT,SQOLIM,PQALFG,BOD,1,1.5,96,0,QUAL-PROPS,VQOFG,MON-SQOLIM,
170,PERLND,QUAL-INPUT,WSQOP,PQALFG,BOD,,0.2,1.9,0.5,,,,
171,PERLND,QUAL-INPUT,IOQC,PQALFG,BOD,1,1,115,8,QUAL-PROPS,VIQCFG,MON-IFLW-CONC,
172,PERLND,QUAL-INPUT,AOQC,PQALFG,BOD,1,1,65,5,QUAL-PROPS,VAQCFG,MON-GRND-CONC,
173,IMPLND,ACTIVITY,ATMPFG,,,,0,1,1,,,,
174,IMPLND,ACTIVITY,SNOWFG,,,,0,1,1,,,,
175,IMPLND,ACTIVITY,IWATFG,,,,1,1,1,,,,
176,IMPLND,ACTIVITY,SLDFG,,,,0,1,1,,,,
177,IMPLND,ACTIVITY,IWGFG,,,,0,1,1,,,,
178,IMPLND,ACTIVITY,IQALFG,,,,0,1,1,,,,
179,IMPLND,ATEMP-DAT,ELDAT,ATMPFG,,,-1000,1000,0,,,,
180,IMPLND,ATEMP-DAT,AIRTMP,ATMPFG,,,10,70,30,,,,
181,IMPLND,ICE-FLAG,ICEFG,SNOWFG,,,0,1,1,,,,
182,IMPLND,SNOW-FLAGS,SNOPFG,SNOWFG,,,0,1,0,,,,
183,IMPLND,SNOW-FLAGS,VKMFG,SNOWFG,,,0,1,0,,,,
184,IMPLND,SNOW-PARM1,LAT,SNOWFG,,,30,50,45,,,,
185,IMPLND,SNOW-PARM1,MELEV,SNOWFG,,,50,3000,1500,,,,
186,IMPLND,SNOW-PARM1,SHADE,SNOWFG,,,0.1,0.5,0.15,,,,
187,IMPLND,SNOW-PARM1,SNOWCF,SNOWFG,,,1.1,1.5,1.2,,,,
188,IMPLND,SNOW-PARM1,COVIND,SNOWFG,,,0.1,5,1.5,,,,
189,IMPLND,SNOW-PARM1,KMELT,SNOWFG,,1,0.01,0.5,0.1,SNOW-FLAGS,VKMFG,MON-MELT-FAC,
190,IMPLND,SNOW-PARM1,TBASE,SNOWFG,,,30,36,32,,,,
191,IMPLND,SNOW-PARM2,RDCSN,SNOWFG,,,0.05,0.3,0.15,,,,
192,IMPLND,SNOW-PARM2,TSNOW,SNOWFG,,,30,40,32,,,,
193,IMPLND,SNOW-PARM2,SNOEVP,SNOWFG,,,0,0.5,0.15,,,,
194,IMPLND,SNOW-PARM2,CCFACT,SNOWFG,,,0.05,2,0.15,,,,
195,IMPLND,SNOW-PARM2,MWATER,SNOWFG,,,0.005,0.5,0.03,,,,
196,IMPLND,SNOW-PARM2,MGMELT,SNOWFG,,,0,0.03,0.01,,,,
197,IMPLND,SNOW-INIT1,PKSNOW,SNOWFG,,,0,5,0.5,,,,
198,IMPLND,SNOW-INIT1,PKICE,SNOWFG,,,0,2,0,,,,
199,IMPLND,SNOW-INIT1,PKWATR,SNOWFG,,,0,2,0,,,,
200,IMPLND,SNOW-INIT1,RDENPF,SNOWFG,,,0.1,0.6,0.2,,,,
201,IMPLND,SNOW-INIT1,DULL,SNOWFG,,,100,600,375,,,,
202,IMPLND,SNOW-INIT1,PAKTMP,SNOWFG,,,0,30,10,,,,
203,IMPLND,SNOW-INIT2,COVINX,SNOWFG,,,0.01,8,0.01,,,,
204,IMPLND,SNOW-INIT2,XLNMLT,SNOWFG,,,0,2,0,,,,
205,IMPLND,SNOW-INIT2,SKYCLR,SNOWFG,,,0.15,1,1,,,,
206,IMPLND,IWAT-PARM1,CSNOFG,IWATFG,,,0,1,1,,,,
207,IMPLND,IWAT-PARM1,RTOPFG,IWATFG,,,0,1,1,,,,
208,IMPLND,IWAT-PARM1,VRSFG,IWATFG,,,0,1,0,,,,
209,IMPLND,IWAT-PARM1,VNNFG,IWATFG,,,0,1,0,,,,
210,IMPLND,IWAT-PARM1,RTLIFG,IWATFG,,,0,1,0,,,,
211,IMPLND,IWAT-PARM2,LSUR,IWATFG,,,50,250,100,,,,
212,IMPLND,IWAT-PARM2,SLSUR,IWATFG,,,1.00E-04,0.3,0.01,,,,
213,IMPLND,IWAT-PARM2,NSUR,IWATFG,,1,0.01,0.15,0.1,IWAT-PARM1,VRSFG,MON-MANNING,
214,IMPLND,IWAT-PARM2,RETSC,IWATFG,,1,0.01,0.3,0.05,IWAT-PARM1,VNNFG,MON-RETN,
215,IMPLND,IWAT-PARM3,PETMAX,IWATFG,,,32,45,40,,,,
216,IMPLND,IWAT-PARM3,PETMIN,IWATFG,,,30,40,35,,,,
217,IMPLND,IWAT-STATE1,RETS,IWATFG,,,0,0.01,0.001,,,,
218,IMPLND,IWAT-STATE1,SURS,IWATFG,,,0,0.01,0.001,,,,
219,IMPLND,SLD-PARM1,VASDFG,SLDFG,,,0,1,1,,,,
220,IMPLND,SLD-PARM1,VRSDFG,SLDFG,,,0,1,0,,,,
221,IMPLND,SLD-PARM1,SDOPFG,SLDFG,,,0,1,1,,,,
222,IMPLND,SLD-PARM2,KEIM,SLDFG,,,0.01,10,0.1,,,,
223,IMPLND,SLD-PARM2,JEIM,SLDFG,,,1,3,2,,,,
224,IMPLND,SLD-PARM2,ACCSDP,SLDFG,,1,5.00E-05,2,0.001,SLD-PARM1,VASDFG,MON-SACCUM,
225,IMPLND,SLD-PARM2,REMSDP,SLDFG,,1,0,1,0.1,SLD-PARM1,VRSDFG,MON-REMOV,
226,IMPLND,SLD-STOR,SLDS,SLDFG,,,0,0.7,0.05,,,,
227,IMPLND,IWT-PARM1,WTFVFG,IWGFG,,,0,1,1,,,,
228,IMPLND,IWT-PARM1,CSNOFG,IWGFG,,,0,1,1,,,,
229,IMPLND,LAT-FACTOR,SDLFACC,IWGFG,,,0.1,0.9,,,,,
230,IMPLND,LAT-FACTOR,SLIFAC,IWGFG,,,0.1,0.9,,,,,
231,IMPLND,IWT-PARM2,ELEV,IWGFG,,,100,7000,2000,,,,
232,IMPLND,IWT-PARM2,AWTF,IWGFG,,1,28,70,50,IWT-PARM1,WTFVFG,MON-AWTF,
233,IMPLND,IWT-PARM2,BWTF,IWGFG,,1,0.32,1.2,0.65,IWT-PARM1,WTFVFG,MON-BWTF,
234,IMPLND,IWT-INIT,SOTMP,IWGFG,,,35,75,60,,,,
235,IMPLND,IWT-INIT,SODOX,IWGFG,,,0,16,0,,,,
236,IMPLND,IWT-INIT,SOCO2,IWGFG,,,0,1,0,,,,
237,IMPLND,NQUALS,NQUAL,IQALFG,,,2,9,4,,,,
238,IMPLND,IQL-AD-FLAGS,F,IQALFG,,,-1,10,-1,,,,Not sure if this is the best way to handle this table - PQADFG(1)�.
239,IMPLND,IQL-AD-FLAGS,C,IQALFG,,,-1,10,-1,,,,Not sure if this is the best way to handle this table - PQADFG(1)�.
240,IMPLND,QUAL-PROPS,QSDFG,IQALFG,,,0,1,0,,,,
241,IMPLND,QUAL-PROPS,VPFWFG,IQALFG,,,0,1,0,,,,
242,IMPLND,QUAL-PROPS,QSOFG,IQALFG,,,0,2,2,,,,
243,IMPLND,QUAL-PROPS,VQOFG,IQALFG,,,0,1,0,,,,
244,IMPLND,QUAL-INPUT,SQO,IQALFG,NH4,,0.003,0.0297,0.02,,,,
245,IMPLND,QUAL-INPUT,POTFW,IQALFG,NH4,1,,,,QUAL-PROPS,VPFWFG,MON-POTFW,
246,IMPLND,QUAL-INPUT,ACQOP,IQALFG,NH4,1,8.00E-04,0.04,0.01,QUAL-PROPS,VQOFG,MON-ACCUM,
247,IMPLND,QUAL-INPUT,SQOLIM,IQALFG,NH4,1,0.0051,0.121,0.1,QUAL-PROPS,VQOFG,MON-SQOLIM,
248,IMPLND,QUAL-INPUT,WSQOP,IQALFG,NH4,,0.5,0.75,0.75,,,,
249,IMPLND,QUAL-INPUT,SQO,IQALFG,NO3,,0.005,0.4,0.4,,,,
250,IMPLND,QUAL-INPUT,POTFW,IQALFG,NO3,1,,,,QUAL-PROPS,VPFWFG,MON-POTFW,
251,IMPLND,QUAL-INPUT,ACQOP,IQALFG,NO3,1,1.00E-03,0.121,0.03,QUAL-PROPS,VQOFG,MON-ACCUM,
252,IMPLND,QUAL-INPUT,SQOLIM,IQALFG,NO3,1,0.012,0.362,0.3,QUAL-PROPS,VQOFG,MON-SQOLIM,
253,IMPLND,QUAL-INPUT,WSQOP,IQALFG,NO3,,0.5,0.75,0.75,,,,
254,IMPLND,QUAL-INPUT,SQO,IQALFG,ORTHO P,,0.001,0.05,0.05,,,,
255,IMPLND,QUAL-INPUT,POTFW,IQALFG,ORTHO P,1,0.05,0.65,0.1,QUAL-PROPS,VPFWFG,MON-POTFW,
256,IMPLND,QUAL-INPUT,ACQOP,IQALFG,ORTHO P,1,1.00E-03,0.01,0.01,QUAL-PROPS,VQOFG,MON-ACCUM,
257,IMPLND,QUAL-INPUT,SQOLIM,IQALFG,ORTHO P,1,0.008,0.12,0.1,QUAL-PROPS,VQOFG,MON-SQOLIM,
258,IMPLND,QUAL-INPUT,WSQOP,IQALFG,ORTHO P,,0.5,0.8,0.75,,,,
259,IMPLND,QUAL-INPUT,SQO,IQALFG,BOD,,0.5,1,0.8,,,,
260,IMPLND,QUAL-INPUT,POTFW,IQALFG,BOD,1,,,,QUAL-PROPS,VPFWFG,MON-POTFW,
261,IMPLND,QUAL-INPUT,ACQOP,IQALFG,BOD,1,7.00E-02,0.196,0.19,QUAL-PROPS,VQOFG,MON-ACCUM,
262,IMPLND,QUAL-INPUT,SQOLIM,IQALFG,BOD,1,0.5,2.45,1.9,QUAL-PROPS,VQOFG,MON-SQOLIM,
263,IMPLND,QUAL-INPUT,WSQOP,IQALFG,BOD,,0.5,0.75,0.5,,,,
264,RCHRES,ACTIVITY,HYDRFG,,,,0,1,1,,,,
265,RCHRES,ACTIVITY,ADFG,,,,0,2,2,,,,
266,RCHRES,ACTIVITY,CONSFG,,,,0,1,0,,,,
267,RCHRES,ACTIVITY,HTFG,,,,0,1,1,,,,
268,RCHRES,ACTIVITY,SEDFG,,,,0,1,1,,,,
269,RCHRES,ACTIVITY,GQALFG,,,,0,1,0,,,,
270,RCHRES,ACTIVITY,OXFG,,,,0,1,1,,,,
271,RCHRES,ACTIVITY,NUTFG,,,,0,1,1,,,,
272,RCHRES,ACTIVITY,PLKFG,,,,0,1,1,,,,
273,RCHRES,ACTIVITY,PHFG,,,,0,1,0,,,,
274,RCHRES,HYDR-PARM1,VCONFG,HYDRFG,,,0,1,0,,,,
275,RCHRES,HYDR-PARM1,AUX1FG,HYDRFG,,,0,2,1,,,,
276,RCHRES,HYDR-PARM1,AUX2FG,HYDRFG,,,0,1,1,,,,
277,RCHRES,HYDR-PARM1,AUX3FG,HYDRFG,,,0,1,1,,,,
278,RCHRES,HYDR-PARM1,ODFVFG,HYDRFG,,,-5,8,4,,,,
279,RCHRES,HYDR-PARM1,ODGTFG,HYDRFG,,,0,5,0,,,,
280,RCHRES,HYDR-PARM1,FUNCT,HYDRFG,,,1,3,1,,,,
281,RCHRES,HYDR-PARM2,FTABNO,HYDRFG,,,1,999,50,,,,
282,RCHRES,HYDR-PARM2,LEN,HYDRFG,,,0.01,15,2,,,,
283,RCHRES,HYDR-PARM2,DELTH,HYDRFG,,,0.1,100,5,,,,
284,RCHRES,HYDR-PARM2,STCOR,HYDRFG,,,0,,0,,,,
285,RCHRES,HYDR-PARM2,KS,HYDRFG,,,0,0.5,0.5,,,,
286,RCHRES,HYDR-PARM2,DB50,HYDRFG,,,0.01,0.02,0.01,,,,
287,RCHRES,HYDR-INIT,VOL,HYDRFG,,,0.001,,0.1,,,,
288,RCHRES,HYDR-INIT,CAT,HYDRFG,,,,,0,,,,
289,RCHRES,HYDR-INIT,COLIND,HYDRFG,,,4,8,4,,,,
290,RCHRES,HYDR-INIT,OUTDGT,HYDRFG,,,0,,0,,,,
291,RCHRES,ADCALC-DATA,CRRAT,,,,1.5,2,1.5,,,,
292,RCHRES,ADCALC-DATA,VOL,,,,0,,0,,,,
293,RCHRES,HT-BED-FLAGS,BEDFLG,HTFG,,,0,2,1,,,,
294,RCHRES,HT-BED-FLAGS,TGFLG,HTFG,,,1,3,3,,,,
295,RCHRES,HT-BED-FLAGS,TSTOP,HTFG,,,1,55,55,,,,
296,RCHRES,HEAT-PARM,ELEV,HTFG,,,60,7000,2000,,,,
297,RCHRES,HEAT-PARM,ELDAT,HTFG,,,-368,250,0,,,,
298,RCHRES,HEAT-PARM,CFSAEX,HTFG,,,0.2,0.99,0.7,,,,
299,RCHRES,HEAT-PARM,KATRAD,HTFG,,,9,13.4,9.4,,,,
300,RCHRES,HEAT-PARM,KCOND,HTFG,,,6,15,6.12,,,,
301,RCHRES,HEAT-PARM,KEVAP,HTFG,,,1,2.5,2.24,,,,
302,RCHRES,HT-BED-PARM,MUDDEP,HTFG,,,0.1,2,0.3,,,,
303,RCHRES,HT-BED-PARM,TGRND,HTFG,,1,20,59,59,HT-BED-FLAGS,TGFLG,MON-HT-TGRND,"Flag must be ""3"""
304,RCHRES,HT-BED-PARM,KMUD,HTFG,,,30,100,50,,,,
305,RCHRES,HT-BED-PARM,KGRND,HTFG,,,1.4,1.42,1.4,,,,
306,RCHRES,HEAT-INIT,TW,HTFG,,,32,70,40,,,,
307,RCHRES,HEAT-INIT,AIRTMP,HTFG,,,0,80,40,,,,
308,RCHRES,SANDFG,SANDFG,SEDFG,,,1,3,3,,,,
309,RCHRES,SED-GENPARM,BEDWID,SEDFG,,,5,1000,50,,,,
310,RCHRES,SED-GENPARM,BEDWRN,SEDFG,,,0.5,20,10,,,,
311,RCHRES,SED-GENPARM,POR,SEDFG,,,0.25,0.9,0.4,,,,
312,RCHRES,SAND-PM,D,SEDFG,,,0.0005,0.2,0.005,,,,
313,RCHRES,SAND-PM,W,SEDFG,,,0.02,10,0.1,,,,
314,RCHRES,SAND-PM,RHO,SEDFG,,,1.5,3,2.6,,,,
315,RCHRES,SAND-PM,KSAND,SEDFG,,,0.001,10,0.1,,,,
316,RCHRES,SAND-PM,EXPSND,SEDFG,,,1,6,2,,,,
317,RCHRES,SILT-CLAY-PM,D,SEDFG,,,0.000005,0.004,0.0005,,,,
318,RCHRES,SILT-CLAY-PM,W,SEDFG,,,0.00001,0.1,0.0002,,,,
319,RCHRES,SILT-CLAY-PM,RHO,SEDFG,,,1.5,3,2.3,,,,
320,RCHRES,SILT-CLAY-PM,TAUCD,SEDFG,,,0.001,1,0.01,,,,
321,RCHRES,SILT-CLAY-PM,TAUCS,SEDFG,,,0.001,3,0.1,,,,
322,RCHRES,SILT-CLAY-PM,M,SEDFG,,,0.001,5,0.05,,,,
323,RCHRES,SSED-INIT,SSED,SEDFG,,,0,500,10,,,,
324,RCHRES,BED-INIT,BEDDEP,SEDFG,,,0,15,5,,,,
325,RCHRES,BED-INIT,BSED,SEDFG,,,0.1,0.9,0.3,,,,
326,RCHRES,BENTH-FLAG,BENRFG,PLKFG,,,0,1,1,,,,
327,RCHRES,SCOUR-PARMS,SCRVEL,PLKFG,,,3,10,10,,,,
328,RCHRES,SCOUR-PARMS,SCRMUL,PLKFG,,,2,650,2,,,,
329,RCHRES,OX-FLAGS,REAMFG,OXFG,,,1,3,3,,,,
330,RCHRES,OX-GENPARM,KBOD20,OXFG,,,0.0035,0.05,0.004,,,,
331,RCHRES,OX-GENPARM,TCBOD,OXFG,,,1.047,1.075,1.047,,,,
332,RCHRES,OX-GENPARM,KODSET,OXFG,,,0.005,0.127,0.02,,,,
333,RCHRES,OX-GENPARM,SUPSAT,OXFG,,,1.115,2,1.4,,,,
334,RCHRES,OX-BENPARM,BENOD,OXFG,,,1,100,50,,,,
335,RCHRES,OX-BENPARM,TCBEN,OXFG,,,1.047,1.074,1.074,,,,
336,RCHRES,OX-BENPARM,EXPOD,OXFG,,,1.22,1.22,1.22,,,,
337,RCHRES,OX-BENPARM,BRBOD1,OXFG,,,0.001,10,1,,,,
338,RCHRES,OX-BENPARM,BRBOD2,OXFG,,,0.001,400,10,,,,
339,RCHRES,OX-BENPARM,EXPREL,OXFG,,,1,2.82,2.82,,,,
340,RCHRES,OX-CFOREA,CFOREA,OXFG,,,1,3,1,,,,
341,RCHRES,OX-TSIVOGLOU,REAKT,OXFG,,,0.0258,0.06,0.0258,,,,
342,RCHRES,OX-TSIVOGLOU,TCGINV,OXFG,,,1.047,1.07,1.047,,,,
343,RCHRES,OX-REAPARM,TCGINV,OXFG,,,1.024,1.07,1.024,,,,
344,RCHRES,OX-REAPARM,REAK,OXFG,,,0.03,0.8,0.1,,,,
345,RCHRES,OX-REAPARM,EXPRED,OXFG,,,-1.673,-1.5,-1.673,,,,
346,RCHRES,OX-REAPARM,EXPREV,OXFG,,,0.5,0.969,0.969,,,,
347,RCHRES,OX-INIT,DOX,OXFG,,,2,16,8,,,,
348,RCHRES,OX-INIT,BOD,OXFG,,,0,20,3,,,,
349,RCHRES,OX-INIT,SATDO,OXFG,,,2,16,10,,,,
350,RCHRES,NUT-FLAGS,TAMFG,NUTFG,,,0,1,1,,,,
351,RCHRES,NUT-FLAGS,NO2FG,NUTFG,,,0,1,1,,,,
352,RCHRES,NUT-FLAGS,PO4FG,NUTFG,,,0,1,1,,,,
353,RCHRES,NUT-FLAGS,AMVFG,NUTFG,,,0,1,0,,,,
354,RCHRES,NUT-FLAGS,DENFG,NUTFG,,,0,1,1,,,,
355,RCHRES,NUT-FLAGS,ADNHFG,NUTFG,,,0,1,1,,,,
356,RCHRES,NUT-FLAGS,ADPOFG,NUTFG,,,0,1,1,,,,
357,RCHRES,NUT-FLAGS,PHFLAG,NUTFG,,,0,3,2,,,,
358,RCHRES,NUT-AD-FLAGS,F,NUTFG,,,-1,10,-1,,,,Not sure if this is the best way to handle this table - PQADFG(1)�.
359,RCHRES,NUT-AD-FLAGS,C,NUTFG,,,-1,10,-1,,,,Not sure if this is the best way to handle this table - PQADFG(1)�.
360,RCHRES,CONV-VAL1,CVBO,PLKFG,,,1.63,1.98,1.63,,,,
361,RCHRES,CONV-VAL1,CVBPC,PLKFG,,,106,106,106,,,,
362,RCHRES,CONV-VAL1,CVBPN,PLKFG,,,16,16,106,,,,
363,RCHRES,CONV-VAL1,BPCNTC,PLKFG,,,49,49,49,,,,
364,RCHRES,NUT-BENPARM,BRNIT1,PLKFG,,,0,1,0,,,,
365,RCHRES,NUT-BENPARM,BRNIT2,PLKFG,,,0,1,0,,,,
366,RCHRES,NUT-BENPARM,BRPO41,PLKFG,,,0,1,0,,,,
367,RCHRES,NUT-BENPARM,BRPO42,PLKFG,,,0,1,0,,,,
368,RCHRES,NUT-BENPARM,ANAER,PLKFG,,,0.001,1,0.005,,,,
369,RCHRES,NUT-NITDENIT,KTAM20,NUTFG,,,0.002,0.3,0.03,,,,
370,RCHRES,NUT-NITDENIT,KNO220,NUTFG,,,0.002,0.012,0.012,,,,
371,RCHRES,NUT-NITDENIT,TCNIT,NUTFG,,,1.07,1.07,1.07,,,,
372,RCHRES,NUT-NITDENIT,KNO320,NUTFG,,,0.0014,0.02,0.005,,,,
373,RCHRES,NUT-NITDENIT,TCDEN,NUTFG,,,1.04,1.07,1.04,,,,
374,RCHRES,NUT-NITDENIT,DENOXT,NUTFG,,,1,20,4,,,,
375,RCHRES,NUT-NH3VOLAT,EXPNVG,NUTFG,,,0.5,0.5,0.5,,,,
376,RCHRES,NUT-NH3VOLAT,EXPNVL,NUTFG,,,0.667,0.667,0.667,,,,
377,RCHRES,NUT-BEDCONC,BNH4(1),NUTFG,,,0.001,40,,,,,"The ""()"" may be a problem in HTML"
378,RCHRES,NUT-BEDCONC,BNH4(2),NUTFG,,,0.002,100,,,,,"The ""()"" may be a problem in HTML"
379,RCHRES,NUT-BEDCONC,BNH4(3),NUTFG,,,0.003,100,,,,,"The ""()"" may be a problem in HTML"
380,RCHRES,NUT-BEDCONC,BPO4(1),NUTFG,,,0.00005,600,,,,,"The ""()"" may be a problem in HTML"
381,RCHRES,NUT-BEDCONC,BNH4(2),NUTFG,,,0.0002,100,,,,,"The ""()"" may be a problem in HTML"
382,RCHRES,NUT-BEDCONC,BNH4(2),NUTFG,,,0.0002,100,,,,,"The ""()"" may be a problem in HTML"
383,RCHRES,NUT-ADSPARM,ADNHPM(1),NUTFG,,,0.0001,40,,,,,"The ""()"" may be a problem in HTML"
384,RCHRES,NUT-ADSPARM,ADNHPM(2),NUTFG,,,0.0001,100,,,,,"The ""()"" may be a problem in HTML"
385,RCHRES,NUT-ADSPARM,ADNHPM(3),NUTFG,,,0.0001,100,,,,,"The ""()"" may be a problem in HTML"
386,RCHRES,NUT-ADSPARM,ADPOPM(1),NUTFG,,,6,600,,,,,"The ""()"" may be a problem in HTML"
387,RCHRES,NUT-ADSPARM,ADPOPM(2),NUTFG,,,10,1000,,,,,"The ""()"" may be a problem in HTML"
388,RCHRES,NUT-ADSPARM,ADPOPM(3),NUTFG,,,10,1000,,,,,"The ""()"" may be a problem in HTML"
389,RCHRES,NUT-DINT,NO3,NUTFG,,,0,14,0.1,,,,
390,RCHRES,NUT-DINT,TAM,NUTFG,,,0,5,0.1,,,,
391,RCHRES,NUT-DINT,NO2,NUTFG,,,0,1,0,,,,
392,RCHRES,NUT-DINT,PO4,NUTFG,,,0,2,0.01,,,,
393,RCHRES,NUT-DINT,PHVAL,NUTFG,,,2,10,7,,,,
394,RCHRES,NUT-ADSINT,SNH4(1),NUTFG,,,0,,0,,,,"The ""()"" may be a problem in HTML"
395,RCHRES,NUT-ADSINT,SNH4(2),NUTFG,,,0,,0,,,,"The ""()"" may be a problem in HTML"
396,RCHRES,NUT-ADSINT,SNH4(3),NUTFG,,,0,,0,,,,"The ""()"" may be a problem in HTML"
397,RCHRES,NUT-ADSINT,SPO4(1),NUTFG,,,0,,0,,,,"The ""()"" may be a problem in HTML"
398,RCHRES,NUT-ADSINT,SPO4(2),NUTFG,,,0,,0,,,,"The ""()"" may be a problem in HTML"
399,RCHRES,NUT-ADSINT,SPO4(3),NUTFG,,,0,,0,,,,"The ""()"" may be a problem in HTML"
400,RCHRES,PLNK-FLAGS,PHYFG,PLKFG,,,0,1,1,,,,
401,RCHRES,PLNK-FLAGS,ZOOFG,PLKFG,,,0,1,0,,,,
402,RCHRES,PLNK-FLAGS,BALFG,PLKFG,,,0,2,1,,,,
403,RCHRES,PLNK-FLAGS,SDLTFG,PLKFG,,,0,2,1,,,,
404,RCHRES,PLNK-FLAGS,AMRFG,PLKFG,,,0,1,0,,,,
405,RCHRES,PLNK-FLAGS,DECFG,PLKFG,,,0,1,1,,,,
406,RCHRES,PLNK-FLAGS,NSFG,PLKFG,,,0,1,1,,,,
407,RCHRES,PLNK-FLAGS,ZFOOD,PLKFG,,,1,3,2,,,,
408,RCHRES,PLNK-FLAGS,BNPFG,PLKFG,,,0,1,0,,,,
409,RCHRES,BENAL-FLAGS,NUMBAL,PLKFG,,,,,,,,,
410,RCHRES,BENAL-FLAGS,BINVFG,PLKFG,,,,,,,,,
411,RCHRES,BENAL-FLAGS,BFIXFG,PLKFG,,,,,,,,,
412,RCHRES,SURF-EXPOSED,CFSAEX,PLKFG,,,0.1,0.9,0.5,,,,
413,RCHRES,PLNK-PARM1,RATCLP,PLKFG,,,0.6,0.68,0.68,,,,
414,RCHRES,PLNK-PARM1,NONREF,PLKFG,,,0.5,0.75,0.5,,,,
415,RCHRES,PLNK-PARM1,LITSED,PLKFG,,,0.0001,0.1,0.0015,,,,
416,RCHRES,PLNK-PARM1,ALNPR,PLKFG,,,0.25,0.8,0.25,,,,
417,RCHRES,PLNK-PARM1,EXTB,PLKFG,,,0.01,0.4,0.02,,,,
418,RCHRES,PLNK-PARM1,MALGR,PLKFG,,,0.03,0.17,0.075,,,,
419,RCHRES,PLNK-PARM1,PARADF,PLKFG,,,1,1,1,,,,
420,RCHRES,PLNK-PARM2,CMMLT,PLKFG,,,0.000001,0.033,0.03,,,,
421,RCHRES,PLNK-PARM2,CMMN,PLKFG,,,0.025,0.045,0.045,,,,
422,RCHRES,PLNK-PARM2,CMMNP,PLKFG,,,0.0001,0.028,0.0001,,,,
423,RCHRES,PLNK-PARM2,CMMP,PLKFG,,,0.005,0.015,0.015,,,,
424,RCHRES,PLNK-PARM2,TALGRH,PLKFG,,,95,150,95,,,,
425,RCHRES,PLNK-PARM2,TALGRL,PLKFG,,,-10,43,10,,,,
426,RCHRES,PLNK-PARM2,TALGRM,PLKFG,,,68,86,77,,,,
427,RCHRES,PLNK-PARM3,ALR20,PLKFG,,,0.003,0.005,0.005,,,,
428,RCHRES,PLNK-PARM3,ALDH,PLKFG,,,0.001,0.02,0.02,,,,
429,RCHRES,PLNK-PARM3,ALDL,PLKFG,,,0.001,0.002,0.001,,,,
430,RCHRES,PLNK-PARM3,OXALD,PLKFG,,,0.01,0.03,0.03,,,,
431,RCHRES,PLNK-PARM3,NALDH,PLKFG,,,0.001,0.015,0.01,,,,
432,RCHRES,PLNK-PARM3,PALDH,PLKFG,,,0.0001,0.002,0.002,,,,
433,RCHRES,PLNK-PARM4,NMINGR,PLKFG,,,0.000001,0.000001,0.000001,,,,
434,RCHRES,PLNK-PARM4,PMINGR,PLKFG,,,0.001,0.001,0.001,,,,
435,RCHRES,PLNK-PARM4,CMINGR,PLKFG,,,0.000001,0.000001,0.000001,,,,
436,RCHRES,PLNK-PARM4,LMINGR,PLKFG,,,0.001,0.001,0.001,,,,
437,RCHRES,PLNK-PARM4,NMINC,PLKFG,,,0.000001,0.000001,0.000001,,,,
438,RCHRES,PHYTO-PARM,SEED,PLKFG,,,0.2,6,2,,,,
439,RCHRES,PHYTO-PARM,MXSTAY,PLKFG,,,0.2,24,8,,,,
440,RCHRES,PHYTO-PARM,OREF,PLKFG,,,0.0001,1000,70,,,,
441,RCHRES,PHYTO-PARM,CLALDH,PLKFG,,,5,200,50,,,,
442,RCHRES,PHYTO-PARM,PHYSET,PLKFG,,,0.001,0.04,0.005,,,,
443,RCHRES,PHYTO-PARM,REFSET,PLKFG,,,0.001,0.12,0.01,,,,
444,RCHRES,BENAL-PARM,MBAL,PLKFG,,,50,10000,1000,,,,
445,RCHRES,BENAL-PARM,CFBALR,PLKFG,,,0.35,0.55,0.45,,,,
446,RCHRES,BENAL-PARM,CFBALG,PLKFG,,,0.33,1,0.6,,,,
447,RCHRES,BENAL-PARM,MINBAL,PLKFG,,,0.0001,0.001,0.001,,,,
448,RCHRES,BENAL-PARM,CAMPR,PLKFG,,,0.001,0.001,0.001,,,,
449,RCHRES,BENAL-PARM,FRAVL,PLKFG,,,0,0.8,0,,,,
450,RCHRES,BENAL-PARM,NMAXFX,PLKFG,,,10,20,10,,,,
451,RCHRES,ZOO-PARM1,MZOEAT,PLKFG,,,0.055,0.055,0.055,,,,
452,RCHRES,ZOO-PARM1,ZFIL20,PLKFG,,,0.01,0.2,,,,,
453,RCHRES,ZOO-PARM1,ZRES20,PLKFG,,,0.00015,0.00015,0.00015,,,,
454,RCHRES,ZOO-PARM1,ZD,PLKFG,,,0.0001,0.0001,0.0001,,,,
455,RCHRES,ZOO-PARM1,OXZD,PLKFG,,,0.03,0.3,0.3,,,,
456,RCHRES,ZOO-PARM2,TCZFIL,PLKFG,,,,,,,,,
457,RCHRES,ZOO-PARM2,TCZRES,PLKFG,,,1.07,1.07,1.07,,,,
458,RCHRES,ZOO-PARM2,ZEXDEL,PLKFG,,,0.7,0.7,0.7,,,,
459,RCHRES,ZOO-PARM2,ZOMASS,PLKFG,,,0.0003,0.0003,0.0003,,,,
460,RCHRES,BENAL-GROW,MBALGR,PLKFG,,,0.15,0.97,0.3,,,,
461,RCHRES,BENAL-GROW,TCBALG,PLKFG,,,1.03,1.09,1.07,,,,
462,RCHRES,BENAL-GROW,CMMNB,PLKFG,,,0.005,0.045,0.045,,,,
463,RCHRES,BENAL-GROW,CMMPB,PLKFG,,,0.0025,0.015,0.015,,,,
464,RCHRES,BENAL-GROW,CMMD1,PLKFG,,,0.1,0.1,0.1,,,,
465,RCHRES,BENAL-GROW,CMMD2,PLKFG,,,100,10000,100,,,,
466,RCHRES,BENAL-GROW,CSLIT,PLKFG,,,0.093,250,250,,,,
467,RCHRES,BENAL-RESSCR,BALR20,PLKFG,,,0.004,0.0052,0.004,,,,
468,RCHRES,BENAL-RESSCR,TCBALR,PLKFG,,,1.07,1.08,1.07,,,,
469,RCHRES,BENAL-RESSCR,CSLOF1,PLKFG,,,0.00003,0.1,0.1,,,,
470,RCHRES,BENAL-RESSCR,CSLOF2,PLKFG,,,0.6,1,1,,,,
471,RCHRES,BENAL-RESSCR,GRORES,PLKFG,,,0.075,0.075,0.075,,,,
472,RCHRES,BENAL-GRAZE,CREMVL,PLKFG,,,0.05,34.7,0.05,,,,
473,RCHRES,BENAL-GRAZE,CMMBI,PLKFG,,,0.05,10000,0.05,,,,
474,RCHRES,BENAL-GRAZE,BINV,PLKFG,,,0,4140,0,,,,
475,RCHRES,BENAL-GRAZE,TCGRAZ,PLKFG,,,1,1.06,1,,,,
476,RCHRES,BENAL-LIGHT,CTRBQ1,PLKFG,,,0.032,0.086,0.05,,,,
477,RCHRES,BENAL-LIGHT,CTRBQ2,PLKFG,,,0.5,0.74,0.5,,,,
478,RCHRES,BENAL-LIGHT,CKTRB1,PLKFG,,,0.23,0.23,0.23,,,,
479,RCHRES,BENAL-LIGHT,CKTRB2,PLKFG,,,0.486,0.486,0.486,,,,
480,RCHRES,BENAL-RIFF1,FRRIF,PLKFG,,,0,1,0.5,,,,
481,RCHRES,BENAL-RIFF1,CMMV,PLKFG,,,0.0001,0.001,0.001,,,,
482,RCHRES,BENAL-RIFF1,RIFCQ(1-3),PLKFG,,,105.9,317.8,200,,,,"The ""()"" may be a problem in HTML"
483,RCHRES,BENAL-RIFF2,RIFVEL(1-4),PLKFG,,,1,1.8,1.5,,,,"The ""()"" may be a problem in HTML"
484,RCHRES,BENAL-RIFF2,RIFDEP(1-4),PLKFG,,,0.55,0.85,0.75,,,,"The ""()"" may be a problem in HTML"
485,RCHRES,PLNK-INIT,PHYTO,PLKFG,,,0.000001,2,0.5,,,,
486,RCHRES,PLNK-INIT,ZOO,PLKFG,,,0.01,0.05,0.03,,,,
487,RCHRES,PLNK-INIT,BENAL,PLKFG,,,1,10000,500,,,,
488,RCHRES,PLNK-INIT,ORN,PLKFG,,,0.0001,5,0.5,,,,
489,RCHRES,PLNK-INIT,ORP,PLKFG,,,0.0001,2,0.01,,,,
490,RCHRES,PLNK-INIT,ORC,PLKFG,,,0.0001,10,0.5,,,,
491,RCHRES,BENAL-INIT,BENAL,PLKFG,,,0,10000,500,,,,
